sample_short,td,gradient × 1e8
JAA_CAL122,0 days 07:13:27.067377329,7.521069617267879
JAA_CAL260,0 days 23:47:36.010744810,5.558384957957272
